"Data Source","Worldwide Governance Indicators",

"Last Updated Date","2018-10-04",

"Country Name","Country Code","Indicator Name","Indicator Code","1996","1998","2000","2002","2003","2004","2005","2006","2007","2008","2009","2010","2011","2012","2013","2014","2015","2016","2017",
"Aruba","ABW","Political Stability and Absence of Violence/Terrorism: Estimate","PV.EST","","","","","","0.9938546","1.379847","1.305753","1.287163","1.319141","1.122499","1.100847","1.285738","1.263882","1.312226","1.164568","1.230921","1.284199","1.318649",
"Afghanistan","AFG","Political Stability and Absence of Violence/Terrorism: Estimate","PV.EST","-2.414042","-2.422996","-2.440187","-2.035389","-2.197809","-2.296179","-2.070934","-2.221302","-2.410581","-2.690477","-2.712689","-2.579152","-2.50206","-2.418561","-2.519349","-2.411068","-2.571222","-2.671054","-2.780772",
"Angola","AGO","Political Stability and Absence of Violence/Terrorism: Estimate","PV.EST","-2.057286","-2.313072","-2.035583","-1.577046","-1.006538","-1.062798","-0.8875439","-0.541986","-0.6660322","-0.3629115","-0.3472624","-0.2261823","-0.3692378","-0.3893225","-0.3912335","-0.333232","-0.5008978","-0.3158988","-0.2946258",
"Anguilla","AIA","Political Stability and Absence of Violence/Terrorism: Estimate","PV.EST","","","","","","0.7888739","1.193962","1.107798","1.086767","1.116136","0.8700855","1.373762","1.550928","1.47692","1.53398","1.164255","1.249272","1.315344","1.362509",
"Albania","ALB","Political Stability and Absence of Violence/Terrorism: Estimate","PV.EST","-0.3338114","-0.5427064","-0.5379785","-0.2945781","-0.3088242","-0.4283776","-0.5071405","-0.5083324","-0.203224","-0.0308189","-0.0452486","-0.1914829","-0.2823794","-0.1436316","0.0919298","0.4859862","0.3461291","0.3446447","0.3976249",
"Andorra","AND","Political Stability and Absence of Violence/Terrorism: Estimate","PV.EST","1.170157","1.183645","1.167002","1.282039","1.464986","1.401487","1.384696","1.348995","1.340644","1.337765","1.296418","1.278272","1.302488","1.290351","1.283926","1.286593","1.391288","1.413419","1.449709",
"Netherlands Antilles","ANT","Political Stability and Absence of Violence/Terrorism: Estimate","PV.EST","","","","","","0.6863837","0.8221932","1.107798","1.086767","1.116136","0.8700855","0.9598802","1.205775","1.078248","0.6764035","","","","",
"United Arab Emirates","ARE","Political Stability and Absence of Violence/Terrorism: Estimate","PV.EST","0.9631225","0.8711713","0.9751094","0.9348471","0.9950167","0.769014","0.875833","0.9235386","0.9753823","0.6969049","0.9208406","0.8017579","0.9121757","0.8632514","0.8947922","0.7689089","0.7595454","0.5647489","0.6274605",
"Argentina","ARG","Political Stability and Absence of Violence/Terrorism: Estimate","PV.EST","0.1129859","-0.1319699","0.0993588","-0.7794154","-0.3589412","-0.6099557","-0.0417681","0.0030557","0.0988585","-0.0852222","-0.2324056","-0.0847979","0.1589937","0.1030405","0.0653143","-0.0051219","0.0147854","0.2046255","0.1755473",
"Armenia","ARM","Political Stability and Absence of Violence/Terrorism: Estimate","PV.EST","-0.3646759","-0.6603959","-0.6835883","-0.2574752","0.2371981","-0.1168629","-0.067535","-0.2627405","0.150446","-0.0093653","0.2277748","0.0718553","-0.063869","0.154795","0.1103851","-0.2971358","-0.2523326","-0.6622638","-0.7054557",
"American Samoa","ASM","Political Stability and Absence of Violence/Terrorism: Estimate","PV.EST","","","","","","0.7376288","0.7464869","0.7040941","0.9679514","0.9841928","0.9456341","0.9191467","0.9339902","0.9529908","0.9289858","1.080683","1.181357","1.193236","1.229893",
"Antigua and Barbuda","ATG","Political Stability and Absence of Violence/Terrorism: Estimate","PV.EST","0.7184954","0.7300959","0.7141891","0.792757","0.8655943","1.08571","0.8303484","0.7995317","0.8022588","0.8139328","0.7213244","0.9049994","0.9575883","0.9757881","0.9588634","0.9845507","1.004725","0.8786072","0.7588617",
"Australia","AUS","Political Stability and Absence of Violence/Terrorism: Estimate","PV.EST","1.396474","1.06588","1.334552","1.192911","0.8788021","0.9365029","0.8935112","0.9351878","0.9287898","0.9556448","0.855689","0.8888599","0.9357101","0.9979972","1.031073","1.032192","0.8849798","1.047958","0.8962889",
"Austria","AUT","Political Stability and Absence of Violence/Terrorism: Estimate","PV.EST","1.410498","1.111129","0.8238267","1.362206","0.9633993","1.090582","1.105386","1.075933","1.283752","1.339206","1.190602","1.152648","1.193522","1.340567","1.364101","1.2707","1.143079","0.9096388","1.036315",
"Azerbaijan","AZE","Political Stability and Absence of Violence/Terrorism: Estimate","PV.EST","-0.8276529","-0.7009264","-0.8301941","-1.193173","-0.9486656","-1.061107","-1.127512","-1.094162","-0.6255671","-0.3334748","-0.2759402","-0.2385469","-0.532136","-0.7157518","-0.4128599","-0.5599095","-0.7295656","-0.8038791","-0.7603872",
"Burundi","BDI","Political Stability and Absence of Violence/Terrorism: Estimate","PV.EST","-2.113897","-2.293345","-2.015159","-2.28824","-2.244527","-2.523785","-1.524742","-1.427005","-1.375335","-1.638164","-1.272694","-1.625959","-1.8072","-1.704738","-1.350278","-0.7844071","-1.939511","-1.970721","-1.970385",
"Belgium","BEL","Political Stability and Absence of Violence/Terrorism: Estimate","PV.EST","1.288753","1.024162","1.130377","1.264333","0.8596703","0.7101418","0.7958109","0.8576542","0.7574292","0.6212433","0.819909","0.8106462","0.9545354","0.9235997","0.9400827","0.7012694","0.5870946","0.4413673","0.4236702",
"Benin","BEN","Political Stability and Absence of Violence/Terrorism: Estimate","PV.EST","1.04893","0.7413255","0.7983967","0.8202942","0.6790635","0.2651068","0.4468158","0.5470105","0.3861226","0.3745913","0.4032981","0.2612601","0.3183564","0.3643676","0.3011894","0.0271398","-0.013514","-0.0020272","0.0453255",
"Burkina Faso","BFA","Political Stability and Absence of Violence/Terrorism: Estimate","PV.EST","-0.3016128","-0.1111273","0.0592494","-0.3088655","0.0668725","-0.0823012","-0.0648551","0.1561723","0.3076967","0.120163","0.0349414","-0.1176371","-0.5553815","-0.5731292","-0.7633901","-0.7871286","-0.6111074","-0.8673759","-0.9249717",
"Bangladesh","BGD","Political Stability and Absence of Violence/Terrorism: Estimate","PV.EST","-0.5461782","-0.3685636","-0.7245092","-1.033551","-1.115403","-1.36126","-1.863764","-1.505493","-1.540048","-1.505937","-1.544713","-1.425789","-1.404737","-1.379089","-1.627859","-0.8955632","-1.212018","-1.261937","-1.249297",
"Bulgaria","BGR","Political Stability and Absence of Violence/Terrorism: Estimate","PV.EST","-0.0906783","0.5766617","0.3799554","0.4683952","0.1741551","0.0035507","0.1465096","0.3955171","0.3582801","0.3706311","0.353604","0.3600911","0.3017503","0.379834","0.1707104","0.0785409","0.0173222","0.0773333","0.3732362",
"Bahrain","BHR","Political Stability and Absence of Violence/Terrorism: Estimate","PV.EST","-0.3077276","-0.1614981","0.055774","0.2841461","0.483239","0.3126653","0.0116022","-0.3664373","-0.2471969","-0.2374032","-0.1364494","-0.4934764","-0.9508419","-1.129955","-1.335418","-0.9074749","-1.07354","-0.7934257","-0.9481785",
"Bahamas, The","BHS","Political Stability and Absence of Violence/Terrorism: Estimate","PV.EST","1.070221","1.086337","1.280098","0.9565003","0.8269992","0.8910711","0.9386368","0.8106488","0.7300045","0.7748387","0.8605515","0.9936922","1.103621","1.184026","1.134825","0.9564701","0.9074765","0.9754187","0.9979036",
"Bosnia and Herzegovina","BIH","Political Stability and Absence of Violence/Terrorism: Estimate","PV.EST","-0.5920233","-0.584123","-0.5264447","-0.1625158","-0.4047075","0.0160854","-0.5014045","-0.4420033","-0.6306275","-0.5403688","-0.6666183","-0.6937302","-0.8197949","-0.5381487","-0.4049441","-0.019179","-0.402437","-0.3978388","-0.382096",
"Belarus","BLR","Political Stability and Absence of Violence/Terrorism: Estimate","PV.EST","0.0936307","0.1103244","0.1386712","0.3022705","0.6932269","0.1612502","0.3573089","0.1468077","0.3405411","0.5184895","0.4887801","-0.0949901","-0.087769","0.0686152","0.0059592","0.1797822","0.1100165","0.1422815","0.0265175",
"Belize","BLZ","Political Stability and Absence of Violence/Terrorism: Estimate","PV.EST","0.558368","0.5957817","0.1828827","0.416043","0.4859568","0.4016266","0.1019202","0.0795783","0.1944116","0.1879595","0.0278384","0.0704277","0.1519089","0.1802576","0.1761893","0.0485831","0.0430976","0.0606221","0.0506222",
"Bermuda","BMU","Political Stability and Absence of Violence/Terrorism: Estimate","PV.EST","0.7184954","0.7300959","0.7141891","0.792757","0.8531293","0.8947667","0.8199973","0.7753306","0.7718135","0.7967862","0.6938406","0.9118381","0.9641221","0.9802537","0.9703031","0.9138978","0.983049","0.9996701","1.009657",
"Bolivia","BOL","Political Stability and Absence of Violence/Terrorism: Estimate","PV.EST","-0.1347867","-0.239488","-0.2355548","-0.2899094","-0.8341616","-0.6806829","-0.9733916","-0.8028071","-0.8503005","-0.6955554","-0.5074582","-0.4154072","-0.4171265","-0.4580681","-0.3285934","-0.3331121","-0.2684872","-0.2488664","-0.303178",
"Brazil","BRA","Political Stability and Absence of Violence/Terrorism: Estimate","PV.EST","-0.2181809","-0.336899","0.1867397","0.3298446","0.0059727","-0.2757067","-0.2644876","-0.2946232","-0.3569552","-0.3125997","0.1662922","0.0134759","-0.1325754","0.0459616","-0.2585533","-0.0702901","-0.3314581","-0.3772054","-0.4050379",
"Barbados","BRB","Political Stability and Absence of Violence/Terrorism: Estimate","PV.EST","1.04893","1.0826","1.150208","1.097169","0.9188888","1.095373","1.115677","0.9146429","1.04432","1.070772","1.048899","1.060637","1.24613","1.185966","1.266929","1.27792","1.135361","0.9766099","0.9764111",
"Brunei Darussalam","BRN","Political Stability and Absence of Violence/Terrorism: Estimate","PV.EST","1.235573","1.110726","1.302255","1.156788","1.14526","1.369576","1.214634","1.124461","1.106725","1.126965","1.387627","1.277547","1.085194","0.9093272","1.074022","1.261507","1.242662","1.154172","1.189136",
"Bhutan","BTN","Political Stability and Absence of Violence/Terrorism: Estimate","PV.EST","0.7229604","0.5389026","0.4906397","0.6929179","0.9188888","1.171562","1.283388","1.263383","0.5686632","0.7205909","0.803937","0.7422217","0.8264953","0.7763095","0.7846249","1.068039","0.974715","1.123297","1.12759",
"Botswana","BWA","Political Stability and Absence of Violence/Terrorism: Estimate","PV.EST","1.014612","0.9554794","1.072953","0.87367","1.105562","0.9161835","1.063448","1.016433","1.055395","1.032002","0.9527901","0.9912098","1.064447","1.104041","1.102347","1.011847","1.042092","0.99456","1.029",
"Central African Republic","CAF","Political Stability and Absence of Violence/Terrorism: Estimate","PV.EST","-1.210247","-1.139869","-1.12105","-1.734491","-1.538547","-1.424798","-1.430053","-1.851548","-1.854586","-1.842395","-1.905314","-2.020625","-1.789389","-1.852923","-2.154897","-2.699193","-1.904765","-1.789267","-1.938854",
"Canada","CAN","Political Stability and Absence of Violence/Terrorism: Estimate","PV.EST","1.233704","0.9504581","1.168466","1.221569","1.054091","0.8768354","0.8296181","1.035533","1.006867","1.04185","1.126739","0.9363182","1.077176","1.113016","1.061422","1.175504","1.274698","1.256059","1.110387",
"Switzerland","CHE","Political Stability and Absence of Violence/Terrorism: Estimate","PV.EST","1.456473","1.438815","1.579547","1.544934","1.247232","1.228192","1.19764","1.269325","1.234161","1.223261","1.307553","1.258594","1.300342","1.418336","1.40114","1.402653","1.339359","1.30629","1.208698",
"Chile","CHL","Political Stability and Absence of Violence/Terrorism: Estimate","PV.EST","0.6783237","0.0352888","0.4869662","1.091703","0.7632741","0.6921353","0.8446506","0.6141229","0.4071552","0.4331903","0.6032314","0.6796045","0.4525534","0.3311021","0.3637425","0.4475169","0.4334392","0.4131105","0.378081",
"China","CHN","Political Stability and Absence of Violence/Terrorism: Estimate","PV.EST","-0.0959571","-0.3913941","-0.208934","-0.3270945","-0.5636662","-0.3901919","-0.501789","-0.5397638","-0.4988205","-0.491275","-0.4493464","-0.6570607","-0.6020548","-0.5387821","-0.5437899","-0.522584","-0.5502946","-0.499395","-0.2510059",
"Cote d'Ivoire","CIV","Political Stability and Absence of Violence/Terrorism: Estimate","PV.EST","0.0348387","-0.2023249","-1.244039","-1.918558","-1.803033","-2.116911","-2.264047","-1.865294","-1.838058","-1.806674","-1.320874","-1.583894","-1.405808","-1.263461","-1.048724","-1.037161","-0.8325459","-0.9075593","-1.09378",
"Cameroon","CMR","Political Stability and Absence of Violence/Terrorism: Estimate","PV.EST","-0.9568256","-0.782408","-0.5628282","-0.6773421","-0.4298094","-0.3603891","-0.183143","-0.2452714","-0.3250326","-0.5508961","-0.4744701","-0.7369714","-0.661688","-0.5885174","-0.5322373","-1.059252","-0.9896075","-1.062137","-1.084649",
"Congo, Dem. Rep.","COD","Political Stability and Absence of Violence/Terrorism: Estimate","PV.EST","-2.681914","-2.844653","-2.476551","-1.977575","-2.028027","-2.388028","-2.132514","-2.250013","-2.176482","-2.005968","-2.002091","-2.196742","-2.212989","-2.085893","-2.192191","-2.167921","-2.150854","-2.234622","-2.301578",
"Congo, Rep.","COG","Political Stability and Absence of Violence/Terrorism: Estimate","PV.EST","-1.222377","-1.497252","-0.9203737","-1.584951","-1.168669","-1.189876","-1.166832","-0.9244087","-0.77008","-0.7200658","-0.2495118","-0.3164158","-0.3543004","-0.4896899","-0.4750501","-0.3592916","-0.526366","-0.5192695","-0.5272153",
"Cook Islands","COK","Political Stability and Absence of Violence/Terrorism: Estimate","PV.EST","","","","","","","","","","","1.144706","1.322361","","","","","","","",
"Colombia","COL","Political Stability and Absence of Violence/Terrorism: Estimate","PV.EST","-1.641695","-1.788261","-1.603681","-1.950178","-2.374467","-2.269416","-2.056107","-1.901591","-1.80328","-1.850909","-1.831908","-1.537185","-1.284656","-1.40181","-1.291972","-1.114594","-1.069147","-0.8824593","-0.7858247",
"Comoros","COM","Political Stability and Absence of Violence/Terrorism: Estimate","PV.EST","0.5067192","0.5639963","0.0218698","0.4030806","-0.6726829","-0.1630222","-0.435432","-0.3597731","-1.094133","-1.107348","-0.7667361","-0.5629393","-0.5527361","-0.452308","-0.2569292","-0.1869102","-0.2327915","0.0357599","0.0306539",
"Cabo Verde","CPV","Political Stability and Absence of Violence/Terrorism: Estimate","PV.EST","1.031386","1.109699","1.219244","0.7280027","0.9188888","1.038576","0.7534954","0.9631158","0.8770247","0.8134955","0.8190411","0.8409728","0.7226052","0.8090864","0.7779999","0.3507791","0.8678104","0.8862156","0.9021815",
"Costa Rica","CRI","Political Stability and Absence of Violence/Terrorism: Estimate","PV.EST","0.7540775","0.9043213","0.8711588","1.071824","0.5974156","0.6330754","0.7100678","0.7379774","0.5834517","0.3603145","0.5871099","0.6915372","0.508276","0.6384025","0.677918","0.5774182","0.6820255","0.6614283","0.510376",
"Cuba","CUB","Political Stability and Absence of Violence/Terrorism: Estimate","PV.EST","0.2327412","0.0091394","0.2476932","0.2598961","0.3163529","0.3550953","0.4241648","0.4744916","0.4513592","0.5247645","0.3571717","0.3492924","0.2803821","0.3072483","0.3705646","0.544822","0.6441017","0.6853639","0.6918283",
"Cayman Islands","CYM","Political Stability and Absence of Violence/Terrorism: Estimate","PV.EST","0.7184954","0.7300959","0.7141891","0.792757","0.8531293","1.237212","1.193962","1.107798","1.086767","1.116136","1.094433","1.149638","1.336361","0.9593844","1.017615","1.046347","1.153418","1.168496","1.18143",
"Cyprus","CYP","Political Stability and Absence of Violence/Terrorism: Estimate","PV.EST","0.3873754","0.2216845","0.5154701","0.1948399","0.5313178","0.3798992","0.5162975","0.5397544","0.5371549","0.6396841","0.3891754","0.4524448","0.6079845","0.6351261","0.5633472","0.5518821","0.5508665","0.6042547","0.6005784",
"Czech Republic","CZE","Political Stability and Absence of Violence/Terrorism: Estimate","PV.EST","1.147579","0.8996416","0.3320503","1.045758","0.88686","0.6541505","0.9360713","1.053972","1.015041","1.049845","0.9050642","0.9892337","1.109118","1.054106","1.084779","0.9899905","0.9791891","0.9761155","1.015307",
"Germany","DEU","Political Stability and Absence of Violence/Terrorism: Estimate","PV.EST","1.288753","1.241743","1.412949","1.09954","0.5782575","0.6398367","0.8901936","1.026523","0.9960085","0.9458345","0.8605308","0.7968345","0.8422185","0.7756213","0.9279839","0.9251865","0.6998243","0.6813634","0.5764917",
"Djibouti","DJI","Political Stability and Absence of Violence/Terrorism: Estimate","PV.EST","-0.3388515","-0.9625398","-0.2418327","-0.3131302","-0.9125082","-0.3445942","-0.8133122","-0.2599595","-0.1221943","0.2704926","0.493949","0.2534813","0.1777032","0.1606192","-0.1021875","-0.7702323","-0.4435316","-0.6264004","-0.7084761",
"Dominica","DMA","Political Stability and Absence of Violence/Terrorism: Estimate","PV.EST","0.7184954","0.7300959","0.4877826","0.5481164","0.6724877","0.9464511","0.8326582","0.9120014","0.7879776","0.9152033","0.6662934","0.9031178","1.139159","0.9805855","1.119856","1.057178","1.077941","1.002438","1.043385",
"Denmark","DNK","Political Stability and Absence of Violence/Terrorism: Estimate","PV.EST","1.442068","1.431465","1.50331","1.52714","1.204807","1.085029","1.074679","1.047865","1.117682","1.065299","1.000632","1.040961","1.100293","0.9149107","0.9592335","0.9517797","0.8976498","0.8679155","0.8655067",
"Dominican Republic","DOM","Political Stability and Absence of Violence/Terrorism: Estimate","PV.EST","-0.0738883","-0.4141797","0.0158385","0.1195497","-0.419236","-0.3438689","-0.2587449","-0.1085138","-0.07755","-0.0370049","-0.0014113","-0.044954","-0.0004819","0.2523668","0.2074287","0.1459345","0.2367064","0.252106","0.1602793",
"Algeria","DZA","Political Stability and Absence of Violence/Terrorism: Estimate","PV.EST","-1.780031","-1.875876","-1.43201","-1.633234","-1.753627","-1.359521","-0.9152133","-1.126453","-1.14836","-1.093989","-1.197078","-1.259368","-1.360561","-1.325043","-1.202371","-1.190535","-1.09016","-1.097526","-0.9602967",
"Ecuador","ECU","Political Stability and Absence of Violence/Terrorism: Estimate","PV.EST","-0.7686337","-0.1606682","-0.5741425","-0.762054","-0.9607642","-0.8428659","-0.7943653","-0.8539824","-0.8144428","-0.7289105","-0.6731879","-0.5866745","-0.6865575","-0.5703065","-0.1786567","-0.0185332","-0.1439559","-0.085358","-0.1003769",
"Egypt, Arab Rep.","EGY","Political Stability and Absence of Violence/Terrorism: Estimate","PV.EST","-0.5235761","-0.0185278","0.0531098","-0.4134383","-0.640129","-0.821635","-0.6301804","-0.8388225","-0.5513738","-0.5105076","-0.607051","-0.8984183","-1.437057","-1.43633","-1.638831","-1.631177","-1.496646","-1.437697","-1.415257",
"Eritrea","ERI","Political Stability and Absence of Violence/Terrorism: Estimate","PV.EST","-0.9359261","-0.9692316","-0.7692379","-0.2669844","-0.7194017","-0.639192","-0.7952663","-0.899922","-1.047726","-0.7113785","-0.6810662","-0.8755928","-0.7664044","-0.7021973","-0.7723721","-0.8058726","-0.8767513","-0.6569121","-0.6560822",
"Spain","ESP","Political Stability and Absence of Violence/Terrorism: Estimate","PV.EST","0.1777049","0.1330224","0.4622613","0.4438838","-0.0449701","-0.0880503","0.1952135","-0.1502582","-0.2753482","-0.3808494","-0.4737767","-0.3180437","0.0211045","-0.0295164","0.0120178","0.2431217","0.2514912","0.4131883","0.2694397",
"Estonia","EST","Political Stability and Absence of Violence/Terrorism: Estimate","PV.EST","0.7675521","0.6566161","0.9005917","0.9298187","0.8951334","0.7035881","0.6038897","0.7364985","0.6338796","0.5707842","0.5657759","0.661367","0.6110413","0.6364652","0.7482154","0.7802579","0.6209198","0.6739078","0.6606354",
"Ethiopia","ETH","Political Stability and Absence of Violence/Terrorism: Estimate","PV.EST","-1.051122","-0.6302906","-0.943961","-1.223214","-1.408554","-1.311482","-1.690749","-1.738937","-1.803412","-1.730085","-1.640794","-1.635101","-1.506964","-1.564271","-1.407307","-1.339387","-1.498187","-1.619813","-1.687409",
"Finland","FIN","Political Stability and Absence of Violence/Terrorism: Estimate","PV.EST","1.412275","1.472588","1.721373","1.755193","1.688117","1.62026","1.595862","1.501351","1.487837","1.445845","1.459815","1.423607","1.393471","1.400765","1.385172","1.282197","1.040587","0.9990865","1.069088",
"Fiji","FJI","Political Stability and Absence of Violence/Terrorism: Estimate","PV.EST","0.8294732","0.8550838","0.3001532","0.47325","0.4527339","0.3888925","0.3844155","-0.038169","0.0618453","-0.0674854","-0.2741492","-0.1908275","-0.0712882","-0.0677748","-0.0510277","0.5531646","0.5803087","0.917815","0.7927267",
"France","FRA","Political Stability and Absence of Violence/Terrorism: Estimate","PV.EST","0.8882284","0.7001125","0.787016","0.9285783","0.1817637","0.3459356","0.4015874","0.5970889","0.5636244","0.54572","0.5117519","0.6810876","0.6029928","0.5549415","0.4487441","0.3005685","0.1067064","-0.0953591","0.2115424",
"Micronesia, Fed. Sts.","FSM","Political Stability and Absence of Violence/Terrorism: Estimate","PV.EST","","","","","0.6265006","1.003251","1.132724","1.130558","1.149342","1.167337","1.287989","1.209317","1.101389","1.15087","1.102859","0.9845507","1.035154","1.057582","1.203325",
"Gabon","GAB","Political Stability and Absence of Violence/Terrorism: Estimate","PV.EST","0.1236435","0.3241853","0.6365217","0.4057982","0.2988831","0.4077744","0.3260088","0.2201451","0.3033017","0.2636529","0.1416965","0.2992792","0.3848909","0.2932914","0.3301027","0.1495428","0.021187","-0.104911","-0.0891662",
"United Kingdom","GBR","Political Stability and Absence of Violence/Terrorism: Estimate","PV.EST","0.981751","0.9303461","1.035285","0.6790819","0.272854","0.1425719","0.1267411","0.6691801","0.5753913","0.4946935","0.1215835","0.4118182","0.3517076","0.4022707","0.4862014","0.4153476","0.5177479","0.3604541","0.2628686",
"Georgia","GEO","Political Stability and Absence of Violence/Terrorism: Estimate","PV.EST","-1.568471","-1.635889","-0.8132923","-1.191802","-1.298722","-0.8651842","-0.7541655","-0.9644839","-0.6447724","-0.9201103","-0.9665727","-0.7183209","-0.656952","-0.680454","-0.4413662","-0.3215075","-0.4660819","-0.3132915","-0.3711222",
"Ghana","GHA","Political Stability and Absence of Violence/Terrorism: Estimate","PV.EST","-0.2330986","-0.135467","-0.3598437","-0.1637683","0.0287742","0.0399668","0.1683214","0.008032","-0.0717858","-0.0276288","0.0299434","0.0260932","0.1671121","0.130695","0.0606061","-0.106808","-0.0320993","-0.1309286","0.0864814",
"Guinea","GIN","Political Stability and Absence of Violence/Terrorism: Estimate","PV.EST","-1.150282","-0.5859231","-1.909677","-1.421882","-0.7888311","-1.034318","-1.156667","-1.907449","-2.400169","-2.098021","-2.116101","-1.687079","-1.388054","-1.287012","-1.229852","-0.9552428","-0.3869883","-0.3938748","-0.6060216",
"Gambia, The","GMB","Political Stability and Absence of Violence/Terrorism: Estimate","PV.EST","0.559322","0.6756262","0.5331836","0.8262815","0.3240196","0.1655898","0.2021239","-0.0343314","0.0477552","0.0651153","0.1244179","0.065417","-0.0002706","-0.0007788","-0.0486364","-0.1514007","0.0195886","-0.4344123","-0.2084272",
"Guinea-Bissau","GNB","Political Stability and Absence of Violence/Terrorism: Estimate","PV.EST","-1.539228","-1.856091","-0.3499439","-0.7289578","-0.4940794","-0.3789593","-0.5646369","-0.4951869","-0.4599775","-0.709056","-0.6664873","-0.6909543","-0.753626","-0.9652959","-0.8999276","-0.7064517","-0.5182164","-0.4426939","-0.6002936",
"Equatorial Guinea","GNQ","Political Stability and Absence of Violence/Terrorism: Estimate","PV.EST","-0.1325132","-0.0807429","-0.0411416","-0.5222889","0.113219","-0.0617462","-0.3927678","0.1656125","0.2559578","0.204238","0.3732556","0.2361282","0.1503438","0.2327034","0.1203552","-0.3741466","-0.2053524","-0.1408686","-0.1479575",
"Greece","GRC","Political Stability and Absence of Violence/Terrorism: Estimate","PV.EST","0.5539733","0.7711199","0.8087341","0.8750264","0.4793433","0.4896374","0.5069851","0.6321899","0.5241894","0.2700586","-0.2077363","-0.1272069","-0.0986952","-0.2172487","-0.1713417","-0.140446","-0.2302524","-0.1215992","-0.1256012",
"Grenada","GRD","Political Stability and Absence of Violence/Terrorism: Estimate","PV.EST","0.913377","0.9529493","1.018357","0.923647","0.8856659","0.8795288","0.4126651","0.389242","0.3843402","0.3859277","0.3905825","0.51838","0.3601154","0.492649","0.4261743","0.7745689","0.7907085","1.018932","1.026892",
"Greenland","GRL","Political Stability and Absence of Violence/Terrorism: Estimate","PV.EST","","","","","","","","","","","1.51835","1.645201","1.940006","1.934407","1.931953","1.924541","1.943138","1.965062","1.923889",
"Guatemala","GTM","Political Stability and Absence of Violence/Terrorism: Estimate","PV.EST","-1.010376","-0.6673851","-0.7680106","-0.8367832","-0.7750908","-0.8089046","-0.8381712","-0.7358454","-0.7522722","-0.7144668","-0.9273503","-0.8529245","-0.7441414","-0.6338202","-0.6741562","-0.6555635","-0.6550602","-0.5425926","-0.573127",
"French Guiana","GUF","Political Stability and Absence of Violence/Terrorism: Estimate","PV.EST","0.0410029","0.049773","0.0349695","0.3034756","0.3149413","0.1739319","0.2074181","0.0469547","0.0560688","0.0714269","0.303654","0.1917455","0.1930259","0.2150823","0.2182771","0.527634","0.5689548","0.5509571","0.5257957",
"Guam","GUM","Political Stability and Absence of Violence/Terrorism: Estimate","PV.EST","","","","","","0.6351385","0.7464869","0.7040941","0.4317632","0.441933","0.4016676","0.3958711","0.791546","0.7809176","0.7984855","0.7501333","0.8079031","0.6752751","0.6922078",
"Guyana","GUY","Political Stability and Absence of Violence/Terrorism: Estimate","PV.EST","-0.2659344","0.1231003","-0.4884724","-0.5636585","-0.4366069","-0.5553741","-0.4555654","-0.7349787","-0.5585464","-0.6337331","-0.6305829","-0.4589657","-0.4342825","-0.4996141","-0.4566067","-0.1360976","-0.1396508","-0.0260627","-0.0374462",
"Hong Kong SAR, China","HKG","Political Stability and Absence of Violence/Terrorism: Estimate","PV.EST","0.5771039","0.7022572","0.9349183","0.9059312","0.9485869","1.145968","1.337111","1.19053","1.103631","1.130013","0.9661998","0.9358106","0.9485961","1.006289","0.9228683","1.153229","1.046295","0.7508071","0.8466053",
"Honduras","HND","Political Stability and Absence of Violence/Terrorism: Estimate","PV.EST","-0.4701714","0.0311014","-0.0785407","-0.2558409","-0.3794161","-0.3921981","-0.6260932","-0.6696391","-0.4366662","-0.529581","-0.30812","-0.4969096","-0.3904354","-0.3501156","-0.4386116","-0.534084","-0.4689144","-0.4333121","-0.5521104",
"Croatia","HRV","Political Stability and Absence of Violence/Terrorism: Estimate","PV.EST","-0.0394819","0.0688601","0.2781261","0.6274384","0.5586485","0.6860988","0.4330623","0.5591877","0.6047199","0.5717462","0.6115873","0.6084636","0.6237471","0.6068915","0.6426679","0.6191124","0.590728","0.6637695","0.7452235",
"Haiti","HTI","Political Stability and Absence of Violence/Terrorism: Estimate","PV.EST","-0.7567108","-0.9412417","-0.6293605","-1.256317","-1.315101","-1.986139","-1.809078","-1.393612","-1.318481","-1.385095","-0.9564074","-0.9403154","-0.9901676","-0.7880927","-0.6310154","-0.6436273","-0.6708382","-0.7437881","-0.7049372",
"Hungary","HUN","Political Stability and Absence of Violence/Terrorism: Estimate","PV.EST","1.00652","1.219","0.9171637","1.261184","1.132546","0.8286694","1.00302","0.9865795","0.747174","0.7502059","0.5356742","0.6857837","0.7432541","0.6757948","0.7966461","0.6699048","0.7462977","0.6546786","0.8133535",
"Indonesia","IDN","Political Stability and Absence of Violence/Terrorism: Estimate","PV.EST","-1.128239","-1.728043","-1.99612","-1.582294","-2.094643","-1.908292","-1.518183","-1.417039","-1.196296","-1.058376","-0.7513863","-0.8539162","-0.7701142","-0.5932628","-0.5192646","-0.416824","-0.6150607","-0.3729524","-0.511807",
"India","IND","Political Stability and Absence of Violence/Terrorism: Estimate","PV.EST","-0.9669734","-1.196181","-0.9981295","-1.209034","-1.508781","-1.278899","-1.012698","-1.063722","-1.151811","-1.107512","-1.353806","-1.277984","-1.326795","-1.28931","-1.229174","-0.997912","-0.9484934","-0.9538398","-0.826117",
"Ireland","IRL","Political Stability and Absence of Violence/Terrorism: Estimate","PV.EST","1.344184","1.512519","1.585571","1.507424","1.349686","1.172185","1.29988","1.191983","1.214467","1.18624","1.056545","1.020165","0.9489989","0.9410727","0.9010757","1.052991","0.9084555","0.8478189","1.018091",
"Iran, Islamic Rep.","IRN","Political Stability and Absence of Violence/Terrorism: Estimate","PV.EST","-0.321899","-0.6903522","-0.7263266","-0.7745136","-0.7805796","-0.7629468","-0.7847753","-1.042582","-0.9304649","-0.9409824","-1.56276","-1.630592","-1.421768","-1.323926","-1.249687","-0.8749877","-0.9257017","-0.8130754","-0.9295875",
"Iraq","IRQ","Political Stability and Absence of Violence/Terrorism: Estimate","PV.EST","-1.816354","-1.530944","-1.735943","-1.60851","-2.392758","-3.180798","-2.69213","-2.82731","-2.768146","-2.468629","-2.175568","-2.239267","-1.846984","-1.93405","-2.01139","-2.480338","-2.260352","-2.313588","-2.33111",
"Iceland","ISL","Political Stability and Absence of Violence/Terrorism: Estimate","PV.EST","1.324026","1.37582","1.575938","1.621677","1.517588","1.456844","1.444746","1.454132","1.484785","1.215352","1.190854","1.022254","1.24401","1.245032","1.287134","1.246975","1.308164","1.361624","1.371231",
"Israel","ISR","Political Stability and Absence of Violence/Terrorism: Estimate","PV.EST","-1.150886","-1.121567","-1.041646","-1.461522","-1.519039","-1.322922","-1.247689","-1.259751","-1.249815","-1.321099","-1.626286","-1.341152","-1.201318","-1.078904","-1.101285","-1.039735","-1.094913","-0.7945364","-0.8790978",
"Italy","ITA","Political Stability and Absence of Violence/Terrorism: Estimate","PV.EST","1.11122","1.192414","0.9180713","0.8389298","0.4323907","0.2703004","0.490133","0.5318275","0.4476521","0.5492006","0.3482109","0.4739237","0.5012074","0.5082175","0.4954992","0.4581654","0.3759197","0.3694153","0.2371518",
"Jamaica","JAM","Political Stability and Absence of Violence/Terrorism: Estimate","PV.EST","0.1114152","0.0850009","0.1867785","-0.2096501","-0.3833342","-0.345228","-0.2979362","-0.3188637","-0.254539","-0.3051857","-0.3619471","-0.4295415","-0.0629833","0.1205081","0.1823744","0.0244925","0.0964845","0.3076839","0.2545243",
"Jersey, Channel Islands","JEY","Political Stability and Absence of Violence/Terrorism: Estimate","PV.EST","","","","","","","","","","","","","1.480601","1.476132","1.485057","1.464952","1.52962","1.318669","1.271667",
"Jordan","JOR","Political Stability and Absence of Violence/Terrorism: Estimate","PV.EST","-0.0440035","0.0759973","0.0006835","-0.4610818","-0.0736035","-0.2347692","-0.1337577","-0.7632574","-0.2996989","-0.3692256","-0.3542873","-0.3124925","-0.5135623","-0.5239776","-0.6063153","-0.5400255","-0.6057786","-0.4923984","-0.5281549",
"Japan","JPN","Political Stability and Absence of Violence/Terrorism: Estimate","PV.EST","1.162648","1.247656","1.198905","1.179546","1.027569","1.028519","1.036058","1.138634","1.010045","0.8941537","0.9757358","0.8793532","0.995092","0.9484429","1.019142","0.9685974","1.065128","0.9829442","1.12084",
"Kazakhstan","KAZ","Political Stability and Absence of Violence/Terrorism: Estimate","PV.EST","-0.3689229","0.19481","0.0907678","0.3583072","0.3565379","0.0702331","0.188952","0.2082189","0.6474186","0.6239348","0.7768114","0.5229718","-0.3385706","-0.408455","-0.4024739","0.0360182","-0.0350003","0.0084575","0.016214",
"Kenya","KEN","Political Stability and Absence of Violence/Terrorism: Estimate","PV.EST","-0.6538995","-0.9047976","-1.06825","-1.186471","-1.262862","-1.086909","-1.249828","-1.125182","-1.302541","-1.391941","-1.425457","-1.165524","-1.244791","-1.323441","-1.166931","-1.282247","-1.244406","-1.354791","-1.084383",
"Kyrgyz Republic","KGZ","Political Stability and Absence of Violence/Terrorism: Estimate","PV.EST","-0.1742592","-0.1662317","-0.1831975","-0.6140286","-1.098867","-1.183889","-1.175121","-1.386016","-0.9894642","-0.5695741","-0.624972","-1.039652","-1.098031","-0.9112514","-0.9117738","-0.8046157","-0.8824379","-0.6468619","-0.432659",
"Cambodia","KHM","Political Stability and Absence of Violence/Terrorism: Estimate","PV.EST","-1.102753","-1.261917","-0.7786391","-0.7276748","-0.652526","-0.4087539","-0.3961752","-0.3477237","-0.3629849","-0.3004693","-0.5625602","-0.5009844","-0.3044197","-0.1035772","-0.1364361","0.0231748","0.0619423","0.2110379","0.1680294",
"Kiribati","KIR","Political Stability and Absence of Violence/Terrorism: Estimate","PV.EST","","","","","1.166212","1.156444","1.384696","1.348995","1.340644","1.337765","1.402752","1.422732","1.302488","1.290351","1.283926","0.8018658","0.8435606","0.8732361","0.8971391",
"St. Kitts and Nevis","KNA","Political Stability and Absence of Violence/Terrorism: Estimate","PV.EST","","","","","1.166212","1.364291","1.285174","1.21034","0.8022588","0.9206094","1.091904","1.036112","0.9575883","0.9757881","0.9588634","0.5724882","0.5823264","0.6263307","0.6429279",
"Korea, Rep.","KOR","Political Stability and Absence of Violence/Terrorism: Estimate","PV.EST","0.5686132","0.5143274","0.3980622","0.2407795","0.2483981","0.4284169","0.4846275","0.4234944","0.5662745","0.4218944","0.4095646","0.3258958","0.4124956","0.2671033","0.2785786","0.1085688","0.1610141","0.163469","0.2896853",
"Kuwait","KWT","Political Stability and Absence of Violence/Terrorism: Estimate","PV.EST","0.1726813","0.4551526","0.7523513","-0.1536776","0.2939909","0.3445948","0.2508935","0.4110898","0.6203967","0.5016096","0.3527843","0.4519888","0.3111027","0.2036062","0.1660556","0.1490065","-0.2134203","-0.0496832","-0.0404395",
"Lao PDR","LAO","Political Stability and Absence of Violence/Terrorism: Estimate","PV.EST","0.3711666","-0.1913254","-0.5790635","-0.1045234","-1.232276","-0.6111827","-0.4928907","-0.0855829","-0.1757804","0.0170669","-0.1587397","-0.282063","-0.0580072","0.033739","0.0674439","0.498693","0.541362","0.5322913","0.4297708",
"Lebanon","LBN","Political Stability and Absence of Violence/Terrorism: Estimate","PV.EST","-0.6676697","-0.7506385","-0.4387394","-0.3560515","-0.4594078","-0.7144529","-1.001987","-1.807397","-2.116773","-1.875796","-1.561682","-1.625015","-1.558288","-1.664812","-1.690353","-1.697941","-1.702587","-1.618973","-1.593746",
"Liberia","LBR","Political Stability and Absence of Violence/Terrorism: Estimate","PV.EST","-2.436677","-1.750878","-1.951945","-2.191442","-2.159336","-1.366981","-1.361709","-1.32963","-1.243969","-1.285086","-1.051082","-0.4685253","-0.4273703","-0.4844765","-0.4755071","-0.6154496","-0.8180257","-0.4374078","-0.410591",
"Libya","LBY","Political Stability and Absence of Violence/Terrorism: Estimate","PV.EST","-0.9874045","-0.8082845","-0.2969945","-0.0974668","0.1203807","0.3551953","0.4487674","0.3578193","0.7467036","0.8082533","0.8332729","0.0280884","-1.287379","-1.58696","-1.844077","-2.353407","-2.196628","-2.28333","-2.325987",
"St. Lucia","LCA","Political Stability and Absence of Violence/Terrorism: Estimate","PV.EST","1.031386","0.3476887","1.219244","0.3580005","1.166212","1.219158","1.002679","0.8616741","0.6178406","0.6405834","0.6870351","0.7902755","0.8490784","0.8937057","0.8533577","0.8164504","0.8536908","1.018932","1.15488",
"Liechtenstein","LIE","Political Stability and Absence of Violence/Terrorism: Estimate","PV.EST","1.170157","1.183645","1.167002","1.282039","1.464986","1.514584","1.384696","1.348995","1.340644","1.337765","1.553991","1.544087","1.49058","1.3892","1.397172","1.458862","1.45784","1.477927","1.499207",
"Sri Lanka","LKA","Political Stability and Absence of Violence/Terrorism: Estimate","PV.EST","-1.775384","-1.47962","-1.904786","-0.7774357","-0.8335459","-1.011551","-1.154864","-1.421803","-1.748257","-1.796857","-1.342192","-0.9429469","-0.7247714","-0.7170792","-0.6128954","-0.330464","0.0903681","-0.0040295","-0.0605043",
"Lesotho","LSO","Political Stability and Absence of Violence/Terrorism: Estimate","PV.EST","0.2323987","-0.1185535","0.0950859","-0.0473164","0.0997436","0.3576083","-0.0043662","-0.1258665","-0.3906317","-0.2059289","0.3259916","0.4567754","0.3839408","0.2741991","0.3380743","-0.332812","-0.3084288","-0.2364652","-0.2481765",
"Lithuania","LTU","Political Stability and Absence of Violence/Terrorism: Estimate","PV.EST","0.522728","0.4285788","0.4245492","0.8922449","1.050331","0.7655732","0.7771922","0.8703759","0.8172772","0.7462569","0.6312088","0.7152606","0.6712003","0.7862099","0.9645323","0.7421364","0.759794","0.82828","0.7804356",
"Luxembourg","LUX","Political Stability and Absence of Violence/Terrorism: Estimate","PV.EST","1.380314","1.38405","1.606135","1.63953","1.441613","1.315857","1.332353","1.400937","1.482909","1.512313","1.450533","1.461219","1.317427","1.331919","1.335248","1.378324","1.439398","1.419485","1.336963",
"Latvia","LVA","Political Stability and Absence of Violence/Terrorism: Estimate","PV.EST","0.5602862","0.0336203","0.4161927","0.9443777","1.002394","0.6172798","0.8141941","0.8386412","0.5622184","0.2045949","0.3484597","0.527854","0.3200021","0.4536267","0.5936353","0.4872684","0.4437472","0.4790692","0.4603259",
"Macao SAR, China","MAC","Political Stability and Absence of Violence/Terrorism: Estimate","PV.EST","0.2668338","0.2765473","0.4877826","0.5481164","1.122223","1.352571","1.285556","0.9732844","0.4568598","0.4774364","0.6054876","0.5735781","0.6077605","0.6287856","0.7577229","1.206169","1.202256","1.417062","1.442704",
"Morocco","MAR","Political Stability and Absence of Violence/Terrorism: Estimate","PV.EST","-0.2073991","0.3085897","-0.0655948","-0.2641963","-0.4053404","-0.312351","-0.5559525","-0.4611753","-0.5000547","-0.5706448","-0.3977285","-0.3830133","-0.3922568","-0.4704588","-0.4930176","-0.4462656","-0.3414874","-0.3125735","-0.409674",
"Monaco","MCO","Political Stability and Absence of Violence/Terrorism: Estimate","PV.EST","","","","","1.166212","1.110188","1.028071","1.00549","1.035065","1.02681","0.9711909","0.9641737","1.042409","1.048162","1.056244","1.023348","0.9918019","1.014577","1.649579",
"Moldova","MDA","Political Stability and Absence of Violence/Terrorism: Estimate","PV.EST","0.0104376","0.3890102","-0.4319803","-0.1624623","-0.131737","-0.2209964","-0.4048731","-0.371416","-0.0152083","-0.2709488","-0.5855811","-0.3813407","-0.0492937","0.0464905","0.0008086","-0.1589878","-0.3274402","-0.3035599","-0.2399503",
"Madagascar","MDG","Political Stability and Absence of Violence/Terrorism: Estimate","PV.EST","0.2170642","0.1968656","0.1606237","-0.2300071","0.6216997","0.2443279","-0.0215053","0.1834861","0.0896575","-0.4700531","-0.7328526","-0.9783388","-0.7055859","-0.536137","-0.6599934","-0.5572358","-0.4273629","-0.2900946","-0.334092",
"Maldives","MDV","Political Stability and Absence of Violence/Terrorism: Estimate","PV.EST","0.881122","1.114386","1.17937","1.075047","1.032054","0.5022979","0.8115155","0.7580239","0.0831243","-0.1641799","-0.231113","-0.1662439","-0.2426302","-0.3651715","0.1250374","0.6790962","0.4206715","0.4209928","0.2638324",
"Mexico","MEX","Political Stability and Absence of Violence/Terrorism: Estimate","PV.EST","-0.9230071","-0.4209342","-0.1981652","-0.0560149","-0.1165087","-0.2138606","-0.4479379","-0.6380327","-0.7284455","-0.8037661","-0.6854959","-0.7264634","-0.6677686","-0.6624542","-0.7142238","-0.8539188","-0.7986991","-0.6290694","-0.6470126",
"Marshall Islands","MHL","Political Stability and Absence of Violence/Terrorism: Estimate","PV.EST","","","","","1.166212","1.12773","1.067156","1.036491","1.084265","1.00747","1.383553","1.153066","1.061804","1.0264","1.054115","0.9895858","0.9194738","0.2077492","0.2046465",
"Macedonia, FYR","MKD","Political Stability and Absence of Violence/Terrorism: Estimate","PV.EST","-0.4802969","-0.7122034","-0.6167216","-1.037648","-0.9884639","-0.8526914","-1.158372","-0.7379375","-0.4257974","-0.2960467","-0.2992437","-0.5185171","-0.6179638","-0.4926495","-0.4160764","0.2563829","-0.2870161","-0.3512047","-0.2490147",
"Mali","MLI","Political Stability and Absence of Violence/Terrorism: Estimate","PV.EST","0.3638459","0.4272908","0.2398883","0.4108035","0.2581258","0.4532746","0.1756825","0.4135443","0.2309478","0.2103665","-0.0755709","-0.1828992","-0.7083797","-2.034329","-1.722162","-1.713989","-1.685664","-1.617233","-1.910102",
"Malta","MLT","Political Stability and Absence of Violence/Terrorism: Estimate","PV.EST","1.324026","1.425197","1.586911","1.599426","1.548285","1.318088","1.380162","1.230478","1.268684","1.272665","1.248981","1.253456","1.063937","1.065075","1.042758","1.125497","1.063939","1.080441","1.265052",
"Myanmar","MMR","Political Stability and Absence of Violence/Terrorism: Estimate","PV.EST","-1.256739","-1.48256","-1.674297","-1.414159","-1.154664","-0.9862756","-0.9032658","-0.8525208","-1.064485","-1.092701","-1.294215","-1.285928","-1.111098","-0.943675","-1.140372","-1.087581","-1.165067","-0.8046199","-1.084084",
"Montenegro","MNE","Political Stability and Absence of Violence/Terrorism: Estimate","PV.EST","","","","","","","","0.0425529","0.1075556","0.7651006","0.8162645","0.584211","0.5653415","0.596563","0.5045955","0.2194553","0.1407977","0.2766306","0.0128939",
"Mongolia","MNG","Political Stability and Absence of Violence/Terrorism: Estimate","PV.EST","0.7472899","0.3529256","0.8235213","1.171598","0.9637573","0.7736713","0.8782879","0.646918","0.6684207","0.5408983","0.6112568","0.5970423","0.6065389","0.4711348","0.4913208","0.7919012","0.7163844","0.7977929","0.8163508",
"Mozambique","MOZ","Political Stability and Absence of Violence/Terrorism: Estimate","PV.EST","-0.0496134","0.112964","-0.1250454","0.1864059","0.2462012","0.0023717","0.1245581","0.5195007","0.3576092","0.3815113","0.6261856","0.3944219","0.3320483","0.3904937","-0.2269665","-0.3360027","-0.5138951","-1.094005","-0.97553",
"Mauritania","MRT","Political Stability and Absence of Violence/Terrorism: Estimate","PV.EST","0.3679513","0.3523723","0.3442077","0.3809583","0.0597727","-0.1650079","-0.230491","0.2386422","-0.2783419","-0.6421886","-0.8837178","-1.07617","-1.173679","-1.133992","-1.014761","-0.5895084","-0.6378012","-0.7469677","-0.6191258",
"Martinique","MTQ","Political Stability and Absence of Violence/Terrorism: Estimate","PV.EST","0.2668338","0.2765473","0.4877826","0.5481164","0.8531293","1.256973","1.193962","1.107798","1.086767","0.5937815","0.4016676","0.3958711","0.6189699","0.5815817","0.6266679","0.9138978","0.983049","0.9996701","1.009657",
"Mauritius","MUS","Political Stability and Absence of Violence/Terrorism: Estimate","PV.EST","1.088935","0.9672077","0.7567294","1.118453","1.010154","0.9747341","1.027774","0.7804061","0.8788012","0.8898097","0.7063665","0.6402588","0.9464994","0.9713124","0.9448017","0.6679659","0.9986154","1.013187","0.9947399",
"Malawi","MWI","Political Stability and Absence of Violence/Terrorism: Estimate","PV.EST","-0.4548305","-0.0688135","-0.327059","0.0032569","0.040978","0.1233549","0.1045019","0.1192622","0.0824758","-0.0621808","0.0532402","0.0438958","-0.0729127","-0.0026862","-0.2058098","0.0810932","0.0318961","-0.1134786","-0.2720024",
"Malaysia","MYS","Political Stability and Absence of Violence/Terrorism: Estimate","PV.EST","0.5718927","-0.0373003","0.09419","0.5401123","0.4860502","0.3474447","0.56477","0.2877234","0.1937732","0.1083251","-0.0423811","0.1433521","0.0774098","-0.0052124","0.0517916","0.2666191","0.2589576","0.1368246","0.1608163",
"Namibia","NAM","Political Stability and Absence of Violence/Terrorism: Estimate","PV.EST","0.8547758","0.5056883","-0.2542268","0.1452993","0.4777207","0.6644658","0.6252772","0.7829867","1.018452","1.200234","0.928174","0.84694","0.9116575","0.9781043","0.95881","0.6087406","0.7331128","0.7100897","0.650074",
"Niger","NER","Political Stability and Absence of Violence/Terrorism: Estimate","PV.EST","0.0263453","-0.3140508","0.1247925","-0.1281258","0.0426696","-0.5061947","-0.488365","-0.2274929","-0.4584392","-0.6684192","-1.15033","-1.160745","-0.8780045","-1.148131","-1.321799","-1.17584","-1.066546","-1.103307","-1.30297",
"Nigeria","NGA","Political Stability and Absence of Violence/Terrorism: Estimate","PV.EST","-1.055459","-0.5863729","-1.456143","-1.625118","-1.633998","-1.753987","-1.667195","-2.034141","-2.011331","-1.860629","-1.995072","-2.211123","-1.956455","-2.042074","-2.088478","-2.130276","-1.925443","-1.87771","-1.943169",
"Nicaragua","NIC","Political Stability and Absence of Violence/Terrorism: Estimate","PV.EST","-0.5161326","-0.4901445","-0.0639832","-0.0892388","-0.3670515","-0.3412703","-0.3387231","-0.2676195","-0.1194835","-0.2218991","-0.3056052","-0.4997092","-0.2697358","-0.3487776","-0.2492159","-0.0407801","-0.0866075","-0.0887977","-0.045383",
"Niue","NIU","Political Stability and Absence of Violence/Terrorism: Estimate","PV.EST","","","","","","","","","","","1.144706","1.322361","","","","","","","",
"Netherlands","NLD","Political Stability and Absence of Violence/Terrorism: Estimate","PV.EST","1.525928","1.594169","1.760102","1.306484","1.162664","1.017081","0.9889213","0.9029117","0.7785201","0.8650271","0.9449179","0.9407501","1.113631","1.187465","1.143815","1.045115","0.9261193","0.9122675","0.9166426",
"Norway","NOR","Political Stability and Absence of Violence/Terrorism: Estimate","PV.EST","1.456473","1.438815","1.53392","1.610245","1.205565","1.197584","1.296116","1.253358","1.145414","1.28515","1.27541","1.332312","1.337977","1.32747","1.352092","1.119959","1.161716","1.200074","1.153221",
"Nepal","NPL","Political Stability and Absence of Violence/Terrorism: Estimate","PV.EST","-0.0709617","-0.7283314","-1.165416","-1.721528","-1.891537","-2.149072","-2.099816","-1.894413","-1.883255","-1.834441","-1.619923","-1.583971","-1.416444","-1.381232","-1.129146","-0.7245995","-0.9983346","-0.846812","-0.662325",
"Nauru","NRU","Political Stability and Absence of Violence/Terrorism: Estimate","PV.EST","","","","","1.166212","1.12773","1.067156","1.036491","1.084265","1.00747","1.383553","1.453984","1.061804","1.0264","1.054115","0.6013344","0.5437602","0.5790772","0.5737255",
"New Zealand","NZL","Political Stability and Absence of Violence/Terrorism: Estimate","PV.EST","1.341311","1.315323","1.362312","1.322602","1.189064","1.50064","1.253895","1.25541","1.243147","1.162778","1.070571","1.236489","1.376731","1.361366","1.453927","1.467928","1.525453","1.519183","1.593475",
"Oman","OMN","Political Stability and Absence of Violence/Terrorism: Estimate","PV.EST","0.8744729","0.8551552","1.122518","0.9267926","1.061241","1.115456","0.9457167","0.8406475","0.9390239","0.9222303","0.8266353","0.5902417","0.4324405","0.4620771","0.4595302","0.7349073","0.7833398","0.760053","0.7415977",
"Pakistan","PAK","Political Stability and Absence of Violence/Terrorism: Estimate","PV.EST","-1.124412","-1.12079","-1.103032","-1.640733","-1.548632","-1.58314","-1.753717","-2.025916","-2.429894","-2.572858","-2.644811","-2.675933","-2.810035","-2.677004","-2.603302","-2.401279","-2.482708","-2.483173","-2.399124",
"Panama","PAN","Political Stability and Absence of Violence/Terrorism: Estimate","PV.EST","0.1247374","0.3708176","0.252954","0.3448153","0.0739335","0.0847926","-0.1578785","-0.0680277","-0.0606814","-0.0970655","0.0636812","-0.1160482","-0.0282189","-0.1794327","-0.1412609","0.2090082","0.3860773","0.4114301","0.3918229",
"Peru","PER","Political Stability and Absence of Violence/Terrorism: Estimate","PV.EST","-1.058624","-0.5192522","-0.9887312","-0.9675319","-1.161485","-1.026664","-0.9751603","-0.8405385","-0.7730581","-0.8907055","-1.179883","-0.9999154","-0.7607497","-0.9073647","-0.8057398","-0.5506569","-0.3975714","-0.2017269","-0.2556109",
"Philippines","PHL","Political Stability and Absence of Violence/Terrorism: Estimate","PV.EST","-0.4765502","-0.2540368","-1.38893","-0.8561282","-1.558961","-1.705913","-1.182506","-1.640324","-1.602893","-1.778313","-1.727586","-1.65076","-1.392182","-1.18824","-1.084253","-0.7138209","-0.8556625","-1.379819","-1.236888",
"Palau","PLW","Political Stability and Absence of Violence/Terrorism: Estimate","PV.EST","","","","","1.166212","1.12773","1.067156","1.036491","1.084265","1.00747","1.383553","1.453984","1.061804","1.0264","1.054115","0.9895858","0.9194738","0.9504054","0.9428045",
"Papua New Guinea","PNG","Political Stability and Absence of Violence/Terrorism: Estimate","PV.EST","-0.7728798","-0.1064839","-0.2103684","-0.5526487","-0.5594614","-0.550495","-0.9263273","-0.8724756","-0.747278","-0.6133679","-0.7923152","-0.8084438","-0.7546774","-0.5904424","-0.5202469","-0.3393671","-0.4221483","-0.5047721","-0.5829621",
"Poland","POL","Political Stability and Absence of Violence/Terrorism: Estimate","PV.EST","0.8309757","0.839139","0.3091262","0.7443554","0.5781201","0.1529493","0.3616216","0.3536567","0.6827373","0.9104813","0.9380806","1.01733","1.072063","1.049479","0.973355","0.8429408","0.8748524","0.507242","0.5213445",
"Puerto Rico","PRI","Political Stability and Absence of Violence/Terrorism: Estimate","PV.EST","0.2668338","0.2765473","0.2613761","0.3034756","0.3149413","0.5588259","0.4482284","0.3794227","0.4112206","0.2677097","0.1553971","0.3569765","0.600149","0.5849734","0.2491559","0.8199927","0.8551208","0.689354","0.4034922",
"Korea, Dem. People’s Rep.","PRK","Political Stability and Absence of Violence/Terrorism: Estimate","PV.EST","-0.5037485","-0.416481","-0.0128874","0.1838642","0.2236926","0.2229912","0.0182723","-0.0261112","0.5369785","0.5210305","-0.0275291","-0.2965621","-0.2518262","-0.0128764","-0.4415541","-1.134743","-1.153405","-0.6807607","-0.4806822",
"Portugal","PRT","Political Stability and Absence of Violence/Terrorism: Estimate","PV.EST","1.286603","1.369237","1.397726","1.438887","1.290926","0.9707719","1.01761","0.9529556","0.8218185","0.9884541","0.7876344","0.717687","0.7417393","0.7752726","0.7487634","0.8062744","0.9178401","0.9740514","1.079428",
"Paraguay","PRY","Political Stability and Absence of Violence/Terrorism: Estimate","PV.EST","-0.4582935","-0.7437594","-0.9710185","-1.215548","-0.7488292","-0.5652014","-0.6511112","-0.7747236","-0.7380725","-0.724695","-0.8821292","-0.8348622","-0.6925966","-0.8719022","-0.7358616","-0.0886275","0.038498","0.1417897","0.1177736",
"West Bank and Gaza","PSE","Political Stability and Absence of Violence/Terrorism: Estimate","PV.EST","-1.539813","-1.537647","-1.549876","-1.65365","-1.299623","-1.13282","-1.409788","-1.733875","-1.981084","-1.998236","-2.043175","-1.973575","-1.93562","-1.956032","-1.778823","-1.985011","-2.160502","-1.976399","-1.643773",
"Qatar","QAT","Political Stability and Absence of Violence/Terrorism: Estimate","PV.EST","0.3602291","1.058954","1.158569","0.8288909","1.186441","1.123417","1.027023","0.9263154","0.9521884","1.114859","1.223623","1.153856","1.174731","1.223599","1.212546","0.9774578","0.9966304","0.9002346","0.5465105",
"Reunion","REU","Political Stability and Absence of Violence/Terrorism: Estimate","PV.EST","","","","","","0.4301578","0.4769525","0.7040941","0.6998572","0.441933","0.4016676","0.3958711","0.416657","0.4318848","0.4238212","0.2570441","0.2859343","0.3168583","0.3255272",
"Romania","ROU","Political Stability and Absence of Violence/Terrorism: Estimate","PV.EST","0.5981715","0.5003861","-0.3823857","0.4634011","0.3205902","0.0590242","0.0845609","0.1478715","0.1983791","0.1799604","0.3602153","0.2736004","0.1860907","0.0823416","0.1791331","0.0491361","0.1891144","0.2771966","0.0571236",
"Russian Federation","RUS","Political Stability and Absence of Violence/Terrorism: Estimate","PV.EST","-1.174437","-1.085838","-1.396772","-0.7211835","-1.191556","-1.513351","-1.268546","-0.9077932","-0.8613417","-0.7493693","-0.9684567","-0.9294587","-0.9982621","-0.8177127","-0.7360936","-0.9436175","-1.029335","-0.9462103","-0.6738226",
"Rwanda","RWA","Political Stability and Absence of Violence/Terrorism: Estimate","PV.EST","-1.842792","-2.034043","-1.692821","-1.65326","-1.112363","-1.187092","-1.002252","-0.6821145","-0.3583081","-0.3239338","-0.5062013","-0.2720939","-0.1771178","-0.2306152","-0.1109516","-0.3134696","0.0132411","-0.0548993","0.0391968",
"Saudi Arabia","SAU","Political Stability and Absence of Violence/Terrorism: Estimate","PV.EST","-0.187702","0.1114083","0.2265081","0.002478","0.1413627","-0.6553319","-0.2436727","-0.5236078","-0.466703","-0.3371701","-0.4911588","-0.226727","-0.4647996","-0.4806882","-0.4317841","-0.2858447","-0.626399","-0.4648285","-0.6207026",
"Sudan","SDN","Political Stability and Absence of Violence/Terrorism: Estimate","PV.EST","-2.476772","-2.255797","-2.243965","-1.843841","-1.976665","-1.550556","-1.976115","-2.139491","-2.359716","-2.485255","-2.647896","-2.665278","-2.522917","-2.260563","-2.19301","-2.363085","-2.162183","-2.337218","-2.007265",
"Senegal","SEN","Political Stability and Absence of Violence/Terrorism: Estimate","PV.EST","-0.6024987","-0.9859346","-0.5907232","-0.2740706","-0.2499797","0.0287209","-0.2044541","-0.2640902","-0.2438859","-0.1476973","-0.2043053","-0.417925","-0.2806022","-0.108322","-0.0607228","-0.1982231","-0.1166648","-0.2182553","-0.0447035",
"Singapore","SGP","Political Stability and Absence of Violence/Terrorism: Estimate","PV.EST","1.116893","0.9300502","1.141278","1.257209","0.8781391","1.094728","1.156484","1.250259","1.174122","1.345581","1.179446","1.169415","1.191422","1.368175","1.378178","1.186271","1.311753","1.495759","1.585588",
"Solomon Islands","SLB","Political Stability and Absence of Violence/Terrorism: Estimate","PV.EST","1.031386","1.109699","-0.7363394","-0.4431072","0.3566448","0.0183171","-0.0176626","0.067419","0.2300761","0.2069336","0.2143921","0.3432938","0.3075584","0.1873163","0.3003827","0.4702248","0.6609848","0.5060284","0.214735",
"Sierra Leone","SLE","Political Stability and Absence of Violence/Terrorism: Estimate","PV.EST","-1.694584","-2.169111","-1.869124","-0.6886482","-1.080389","-0.5133284","-0.4792502","-0.3021837","-0.0608303","-0.238069","-0.2885165","-0.2366454","-0.1684449","-0.2799453","-0.1747183","-0.1040397","-0.1025168","-0.1599265","0.0298302",
"El Salvador","SLV","Political Stability and Absence of Violence/Terrorism: Estimate","PV.EST","-0.2137132","0.0920283","0.3321639","0.2976125","-0.1796222","-0.0686812","-0.033107","-0.1669582","-0.0063193","0.0405789","-0.0061894","0.0588422","0.1110012","0.234584","-0.0336589","-0.02459","-0.0169974","-0.0992914","-0.2468929",
"San Marino","SMR","Political Stability and Absence of Violence/Terrorism: Estimate","PV.EST","","","","","1.166212","1.12773","1.067156","1.036491","1.084265","1.00747","1.383553","1.453984","1.061804","1.0264","1.054115","0.9895858","0.9194738","0.9504054","0.9428045",
"Somalia","SOM","Political Stability and Absence of Violence/Terrorism: Estimate","PV.EST","-2.507272","-2.14062","-1.949348","-2.375751","-2.575844","-2.880443","-2.709518","-2.748559","-3.224753","-3.28053","-3.314937","-3.130971","-3.083847","-2.860755","-2.758687","-2.515828","-2.380828","-2.357363","-2.326141",
"Serbia","SRB","Political Stability and Absence of Violence/Terrorism: Estimate","PV.EST","-1.03339","-2.139184","-1.642953","-0.5123259","-0.5821047","-0.5090607","-0.7651583","-0.5396122","-0.5910532","-0.5438424","-0.4775892","-0.4217417","-0.2828821","-0.2172995","-0.0756381","0.1841108","0.238982","0.1401536","0.1022786",
"South Sudan","SSD","Political Stability and Absence of Violence/Terrorism: Estimate","PV.EST","","","","","","","","","","","","","-1.430328","-1.156583","-1.730329","-2.646577","-2.375689","-2.418966","-2.46105",
"Sao Tome and Principe","STP","Political Stability and Absence of Violence/Terrorism: Estimate","PV.EST","1.04893","1.0826","1.150208","0.5544805","0.2596272","0.5721088","0.5757505","0.3461452","0.393939","0.175625","0.1460085","0.1154429","0.0078264","0.0133354","0.1118407","0.184183","0.1440426","0.2232869","0.2150779",
"Suriname","SUR","Political Stability and Absence of Violence/Terrorism: Estimate","PV.EST","0.4402173","0.5986218","0.2104136","0.4913463","0.4831912","0.3012552","0.2303514","-0.0155269","-0.0172716","0.098337","0.1462163","0.0824755","0.1199753","0.0793255","0.1327792","0.2492708","0.2566883","0.1620813","0.1353284",
"Slovak Republic","SVK","Political Stability and Absence of Violence/Terrorism: Estimate","PV.EST","0.8788438","1.179815","0.6618505","0.9390085","0.9475146","0.592736","0.8953888","0.7819173","1.035826","1.08077","0.9190537","1.053317","0.9747573","1.088401","1.119518","1.039121","0.8745452","0.7211707","0.8813742",
"Slovenia","SVN","Political Stability and Absence of Violence/Terrorism: Estimate","PV.EST","1.310593","1.242043","0.8859531","1.302581","1.186497","1.080859","1.091757","1.084757","1.097749","1.147953","0.9348058","0.8665088","0.9692097","0.9351107","0.8822517","0.9657734","0.9533927","0.990436","0.8946251",
"Sweden","SWE","Political Stability and Absence of Violence/Terrorism: Estimate","PV.EST","1.456473","1.398288","1.392898","1.478318","1.342789","1.362902","1.301027","1.294893","1.271177","1.129976","1.085468","1.09417","1.230688","1.170597","1.127778","1.065415","0.9471064","1.017941","0.976789",
"Eswatini","SWZ","Political Stability and Absence of Violence/Terrorism: Estimate","PV.EST","-0.2065143","-0.0047952","0.0364506","0.1262057","0.0665206","-0.005303","-0.3955428","-0.2728013","0.0480241","-0.0793011","-0.0145444","-0.0760727","-0.4797358","-0.4076923","-0.4319111","-0.5005597","-0.476151","-0.4887168","-0.2996981",
"Seychelles","SYC","Political Stability and Absence of Violence/Terrorism: Estimate","PV.EST","1.04893","1.0826","1.28206","0.9015247","0.6458404","0.6568159","0.9332359","0.9140252","0.7878271","0.7504724","0.5989209","0.8567662","0.9377541","0.7442663","0.8255889","0.3616324","0.6887798","0.7330045","0.676641",
"Syrian Arab Republic","SYR","Political Stability and Absence of Violence/Terrorism: Estimate","PV.EST","-0.3455385","-0.0418405","-0.1782297","0.2783559","0.0648048","-0.2863707","-0.4629574","-0.2774547","-0.3381941","-0.3364227","-0.5069562","-0.8057897","-2.012107","-2.682274","-2.681143","-2.748824","-2.974081","-2.916323","-2.631369",
"Chad","TCD","Political Stability and Absence of Violence/Terrorism: Estimate","PV.EST","-0.9972209","-1.303815","-1.135942","-1.560969","-1.372347","-1.539692","-1.443999","-1.832306","-1.865933","-1.966756","-1.728324","-1.524828","-1.318085","-1.044117","-1.089472","-1.568883","-0.9745526","-1.302365","-1.34088",
"Togo","TGO","Political Stability and Absence of Violence/Terrorism: Estimate","PV.EST","-0.3770039","-0.6148763","-0.2943957","0.0544754","-0.1867527","-0.3156599","-1.446407","-0.528969","-0.3408129","-0.1695216","-0.1650247","-0.1793484","-0.1625985","-0.3864578","-0.3537108","-0.1671269","-0.2313481","-0.1723536","-0.7398774",
"Thailand","THA","Political Stability and Absence of Violence/Terrorism: Estimate","PV.EST","0.4678561","0.639299","0.4553121","0.5088668","-0.1431532","-0.7164354","-0.86934","-1.130407","-1.111438","-1.271436","-1.424786","-1.442788","-1.133534","-1.216631","-1.311683","-0.9063863","-0.9944293","-0.9885814","-0.7573056",
"Tajikistan","TJK","Political Stability and Absence of Violence/Terrorism: Estimate","PV.EST","-2.113897","-1.838312","-1.648767","-0.9831952","-1.098867","-1.307675","-1.393728","-1.386591","-0.7509679","-0.8300665","-1.025995","-1.034538","-1.023234","-1.24086","-1.182374","-0.6933408","-0.8826423","-0.7777599","-0.6677241",
"Turkmenistan","TKM","Political Stability and Absence of Violence/Terrorism: Estimate","PV.EST","0.4486398","0.1976277","0.0069769","0.0689988","0.0530248","-0.1160402","0.0711987","-0.24665","0.2762332","0.5325468","0.4831258","0.3341056","0.2341291","0.4280879","0.2490955","0.074206","-0.0877989","-0.1896925","-0.1483408",
"Timor-Leste","TLS","Political Stability and Absence of Violence/Terrorism: Estimate","PV.EST","","","0.4370103","-0.4866523","-0.2864696","-0.1587417","-0.710454","-1.157849","-1.101646","-0.8006461","-0.5674121","-0.4675145","-0.4623524","-0.2848311","-0.3846802","-0.1796949","-0.2718863","-0.0105038","0.0275951",
"Tonga","TON","Political Stability and Absence of Violence/Terrorism: Estimate","PV.EST","","","","","0.6265006","0.8175724","0.678637","0.4685055","0.2816333","0.2838272","0.2143921","0.6897031","0.9377981","0.8945144","0.9354464","0.8471965","0.8863344","0.917815","0.7927267",
"Trinidad and Tobago","TTO","Political Stability and Absence of Violence/Terrorism: Estimate","PV.EST","0.2747039","0.4123726","0.1525732","-0.0936937","-0.2499036","-0.0679394","-0.1198141","-0.2374704","-0.1875922","-0.1158731","-0.1412824","-0.0508232","0.1410804","0.1042776","0.0936861","0.2478643","0.2861143","0.286352","0.2885051",
"Tunisia","TUN","Political Stability and Absence of Violence/Terrorism: Estimate","PV.EST","0.2631593","0.2650365","0.324508","0.1514657","0.319451","0.1486049","0.0238121","0.2107236","0.1594673","0.1023051","0.0617746","-0.0639764","-0.3537418","-0.7213169","-0.9025633","-0.8516615","-0.9603872","-1.141327","-1.052719",
"Turkey","TUR","Political Stability and Absence of Violence/Terrorism: Estimate","PV.EST","-1.255755","-1.228987","-0.8001983","-0.8085832","-0.7669207","-0.834218","-0.6015393","-0.5896572","-0.8175476","-0.8235704","-1.031842","-0.9152855","-0.9599971","-1.220532","-1.249933","-1.086036","-1.493914","-2.009063","-1.796622",
"Tuvalu","TUV","Political Stability and Absence of Violence/Terrorism: Estimate","PV.EST","","","","","1.166212","1.269541","1.384696","1.348995","1.340644","1.337765","1.402752","1.422732","1.302488","1.290351","1.283926","1.299327","1.391288","1.413419","1.265519",
"Taiwan, China","TWN","Political Stability and Absence of Violence/Terrorism: Estimate","PV.EST","1.05752","0.9575005","0.5373716","0.698187","0.6372714","0.6118717","0.6699212","0.6751272","0.5525247","0.8410351","0.5684754","0.85661","0.9467747","0.8913848","0.8731343","0.7664131","0.9204997","0.9256644","0.888418",
"Tanzania","TZA","Political Stability and Absence of Violence/Terrorism: Estimate","PV.EST","-0.6241215","-0.405617","-0.7022269","-0.2524148","-0.8544957","-0.6709332","-0.5829188","-0.3557514","-0.3856436","-0.228036","0.0891499","0.0144716","-0.0241335","0.0514543","-0.1621208","-0.5971186","-0.4161943","-0.4409948","-0.5830427",
"Uganda","UGA","Political Stability and Absence of Violence/Terrorism: Estimate","PV.EST","-1.528672","-1.101934","-1.247658","-1.418792","-1.561003","-1.305026","-1.417637","-1.140198","-0.9151093","-0.8762574","-0.9924353","-1.000558","-0.9761018","-0.8689665","-0.8386906","-0.9411262","-0.8045017","-0.7153227","-0.5573964",
"Ukraine","UKR","Political Stability and Absence of Violence/Terrorism: Estimate","PV.EST","-0.1524624","-0.1198414","-0.4102269","-0.2972287","-0.3632768","-0.4719196","-0.2860265","-0.0358267","0.1731321","0.0424114","-0.3018807","0.0131317","-0.0704315","-0.0922749","-0.777285","-2.020833","-1.9618","-1.85648","-1.886041",
"Uruguay","URY","Political Stability and Absence of Violence/Terrorism: Estimate","PV.EST","0.623367","0.7663415","0.9310301","0.8366598","0.7122626","0.5910469","0.7786088","0.8994041","0.8354977","0.8462693","0.7903185","0.824986","0.9570969","0.7091678","0.8047382","0.9918796","1.004238","1.06258","1.063136",
"United States","USA","Political Stability and Absence of Violence/Terrorism: Estimate","PV.EST","0.9357751","0.8798105","1.084508","0.287509","0.0812887","-0.2313482","-0.0586535","0.4939433","0.3757299","0.5852239","0.4484303","0.4384039","0.5912473","0.6324421","0.6430726","0.5824196","0.6780624","0.4023029","0.3045674",
"Uzbekistan","UZB","Political Stability and Absence of Violence/Terrorism: Estimate","PV.EST","-0.5456728","-0.6841678","-1.306805","-1.061169","-1.299608","-1.455783","-1.959276","-1.784578","-1.360668","-1.209089","-0.9496508","-0.7204381","-0.5997193","-0.5187393","-0.536079","-0.2731086","-0.3730364","-0.2725707","-0.277865",
"St. Vincent and the Grenadines","VCT","Political Stability and Absence of Violence/Terrorism: Estimate","PV.EST","1.031386","1.109699","1.219244","0.3580005","0.7614285","1.027606","1.149891","1.060912","0.7880727","0.8005983","0.7300712","0.7902755","0.8490784","0.9288839","0.8533577","0.8164504","1.004725","1.018932","0.8989041",
"Venezuela, RB","VEN","Political Stability and Absence of Violence/Terrorism: Estimate","PV.EST","-0.5809819","-0.5350404","-0.7573509","-1.316253","-1.286456","-1.392412","-1.245572","-1.252637","-1.227591","-1.311038","-1.276015","-1.256237","-1.094046","-1.027133","-1.077632","-0.8520022","-0.9771809","-1.024604","-1.179866",
"Virgin Islands (U.S.)","VIR","Political Stability and Absence of Violence/Terrorism: Estimate","PV.EST","","","","","","0.8401191","0.4504244","0.5139367","0.4855805","0.5071218","-0.1422989","0.3390581","0.8606231","0.6795762","0.8467092","1.164255","1.249272","0.9996701","1.009657",
"Vietnam","VNM","Political Stability and Absence of Violence/Terrorism: Estimate","PV.EST","0.5261845","0.319941","0.4095224","0.3514955","0.1270571","0.1498937","0.4819226","0.4037779","0.2521055","0.1646291","0.2717096","0.1484079","0.1890884","0.2673587","0.2505773","-0.0223474","0.0699705","0.2335919","0.305176",
"Vanuatu","VUT","Political Stability and Absence of Violence/Terrorism: Estimate","PV.EST","1.031386","1.109699","1.219244","1.159108","0.7614285","0.6238868","1.384696","1.348995","1.231705","1.184159","1.230607","1.27523","1.109437","1.201701","1.160387","0.6360453","0.4784089","0.5131139","0.7129492",
"Samoa","WSM","Political Stability and Absence of Violence/Terrorism: Estimate","PV.EST","1.320035","1.341902","1.28206","1.097169","1.271879","1.158047","1.1322","1.09787","1.004173","1.097311","0.9572471","0.7656919","0.988591","0.9992402","0.9890079","1.121905","1.183974","1.197349","1.203325",
"Kosovo","XKX","Political Stability and Absence of Violence/Terrorism: Estimate","PV.EST","","","","","","","","","","1.00747","0.4250159","-1.044821","-1.042147","-1.038502","-0.9661466","-0.3407745","-0.199357","-0.282407","-0.2069641",
"Yemen, Rep.","YEM","Political Stability and Absence of Violence/Terrorism: Estimate","PV.EST","-1.307887","-1.189253","-1.143511","-1.305779","-1.48024","-1.552558","-1.436715","-1.345606","-1.591527","-2.011098","-2.327018","-2.423716","-2.426796","-2.430663","-2.374828","-2.665575","-2.680222","-2.794877","-2.961164",
"South Africa","ZAF","Political Stability and Absence of Violence/Terrorism: Estimate","PV.EST","-0.3771695","-0.5433837","-0.2254847","-0.2536708","-0.3117453","-0.1313613","-0.1626052","0.0481969","0.2158346","0.0497333","-0.1132994","-0.029427","0.0240316","-0.0253867","-0.0462945","-0.146389","-0.2129929","-0.141504","-0.2673192",
"Zambia","ZMB","Political Stability and Absence of Violence/Terrorism: Estimate","PV.EST","-0.1592631","0.2195339","0.0339033","-0.2788045","0.2177056","0.1895772","0.1050498","0.3625001","0.3634163","0.4698419","0.5683178","0.5153514","0.5097738","0.6609625","0.4359333","0.156212","0.1516949","0.142808","0.1104182",
"Zimbabwe","ZWE","Political Stability and Absence of Violence/Terrorism: Estimate","PV.EST","-0.4644828","-0.7396247","-1.322906","-1.521978","-1.088343","-1.2075","-1.272914","-0.9329606","-1.108968","-1.213945","-1.16715","-1.104014","-0.9453285","-0.778662","-0.6659498","-0.7135702","-0.6181563","-0.6199379","-0.7742645",
